NU_INSCRICAO,SG_UF_RESIDENCIA,NU_IDADE,TP_SEXO,TP_COR_RACA,NU_NOTA_CN,NU_NOTA_CH,NU_NOTA_LC,NU_NOTA_MT,NU_NOTA_REDACAO,Q005,Q006,Q025
160000301384,PB,23,M,3,550,629.4,574,462.9,580,2,B,B
160000000001,PR,20,M,1,576.6,669.8,610.1,423.6,560,5,D,B
160000000002,BA,21,M,3,485.8,576.9,637.4,414.6,480,3,D,B
160000000003,PA,17,M,1,571.4,628.6,646.2,709.4,620,5,B,B
160000000004,DF,36,F,1,,,,,,20,A,A
160000000005,CE,20,M,3,556.9,537.3,585.1,708.1,600,3,B,B
160000000006,CE,41,M,3,629.2,644.7,,,,4,B,B
160000000007,CE,19,F,1,734.3,698.1,650.4,798.7,980,4,J,B
160000427444,SP,27,F,1,,,,,,3,F,B
160000427445,SP,23,F,3,392.4,474.6,469.9,422.5,580,2,B,B
160000427446,RJ,19,M,3,443.9,484.2,514.7,404.6,400,2,C,A
160000427447,RN,26,F,3,,,,,,3,C,B
160000427448,ES,30,M,1,,,,,,3,G,B
160000427449,RN,29,M,1,460.1,582.1,585,551.6,480,3,M,B
160000427450,MG,17,F,3,,,,,,2,C,B
160000427451,PE,60,F,1,440.6,439.7,434.1,367.5,340,4,D,B
160000427452,ES,16,F,3,632.7,648.1,602.5,722.5,760,3,H,B
160000427453,DF,17,M,1,871.3,859.1,,,,3,Q,B
160000427454,MS,20,F,1,646.5,577.8,592.8,662.7,820,3,F,B
160000427455,PB,26,F,3,,,,,,5,F,B
160000427456,GO,18,F,1,610.3,626.9,594.2,509.9,480,2,B,B
160000427457,RJ,21,F,2,637.4,661.4,630.8,543,720,6,H,B
160000427458,CE,18,M,3,564.1,630.2,602.3,730.6,800,5,C,B
160000427459,BA,26,M,1,,,,,,3,B,B
160000427460,SP,31,F,1,,,,,,5,C,A
160000427461,PE,20,F,2,517.3,529.9,450.1,529.7,540,3,B,B
160000427462,SE,24,M,3,446.1,544.2,500.5,599.3,580,6,B,A
160000427463,MT,23,F,1,521.7,605.2,566.3,449,700,1,C,A
160000427464,SP,23,F,1,478.2,578.7,585.4,443.6,480,4,E,A
160000427465,PA,31,F,3,,,,,,2,M,B
160000427466,PI,20,F,1,418.6,536.1,564.7,488.3,560,4,D,A
160000427467,RS,17,F,1,598.3,619.1,525.6,611.9,720,3,D,B
160000427468,SP,20,F,1,422,544.9,629.2,513.6,620,2,D,B
160000427469,AL,26,M,3,467.3,602.5,597,563.5,680,3,I,B
160000427470,RJ,22,F,1,675.8,625.9,645.5,597.5,800,4,F,B
160000427471,PR,25,M,1,687.1,637.8,594.9,870.5,720,2,I,B
160000427472,MG,20,F,1,660.3,671.6,607.9,710.2,840,4,G,B
160000427473,SP,26,F,1,,,,,,6,E,B
160000427474,PR,28,F,1,405.9,556.5,546.7,431.2,420,2,E,A
160008492987,MG,23,M,3,487.3,608,590.7,374.2,540,4,G,B
160000427475,BA,21,M,2,541.7,557.7,526.4,360.5,700,2,E,B
160000427476,CE,22,F,1,675.1,666.3,647.1,827.1,760,5,D,B
160000427477,MG,22,F,1,,,,,,2,D,B
160000427478,GO,21,M,3,625.9,634.3,533.2,623.5,760,4,G,B
160000427479,SP,18,F,1,,,,,,4,D,B
160000427480,SP,20,M,1,,,,,,4,E,B
160000427481,RJ,29,M,3,415.6,513.6,524.2,442.6,460,2,B,B
160000427482,CE,32,M,1,,,,,,4,H,B
160000427483,SP,28,M,1,563.2,637,643,482.8,380,5,E,B
160000427484,DF,21,F,4,,,,,,1,B,B
160000427485,MG,23,M,3,,,,,,4,D,A
160000427486,AL,19,M,3,660.4,668.8,632.1,674.1,740,4,F,B
160000427487,RJ,20,F,3,662.9,614.6,606.1,704.3,780,4,B,B
160000427488,TO,21,M,4,,,,,,3,G,A
160000427489,CE,18,F,1,455.3,445.6,471,431,500,4,B,B
160000427490,CE,30,F,4,523.9,644.7,608.9,591.3,620,3,B,A
160000427491,RJ,57,F,3,,,,,,2,C,B
160008576953,DF,20,M,1,526.7,543.6,552.6,350,440,4,D,B
160000427492,SP,40,M,1,565,605.2,,,,5,I,B
160000427493,SP,26,F,1,582,706.4,663.1,568.4,660,1,F,B
160000427494,RS,21,F,1,582.4,559.7,561.6,407.4,620,3,E,B
160008622085,ES,18,M,3,614.5,612.1,579.8,787.7,520,4,O,B
160000427495,RJ,22,F,1,,,,,,2,D,B
160000427496,PE,24,M,3,740.5,697.2,644.5,869.6,760,4,P,B
160000427497,RS,22,F,1,,,,,,3,C,B
160000430825,CE,19,F,1,593.1,605.2,593.8,655.6,680,5,Q,B
160000430826,MG,21,F,1,616.8,684.5,618.5,737.6,880,3,K,B
160000430827,MG,23,F,2,456.1,527.2,570.8,539.3,680,3,E,A
160000430828,CE,19,M,3,479.2,592.3,565,376.7,520,4,C,B
160000430829,SP,18,F,1,532.5,596.4,599,557.2,540,5,J,B
160000430830,RN,22,M,1,446.1,553.1,484.4,460.3,520,6,G,B
160000430831,MG,22,F,2,,,,,,6,H,B
160000430832,SP,18,M,2,445.5,624.5,544.1,516.5,880,5,D,B
160000430833,RS,20,F,1,649.9,634.5,601.4,802.9,880,1,J,B
160000430834,SP,24,M,1,593.9,656.7,618.6,658.1,740,2,F,B
160000430835,RJ,19,F,3,433.5,569,548.7,452.5,580,5,B,B
160000430836,CE,18,M,3,708.5,757.8,717.7,773.5,960,4,C,B
160000430837,SE,21,F,5,541.8,616.5,578.8,446.6,800,4,J,B
160000430838,MG,31,F,2,,,,,,3,E,B
160000430839,SP,28,F,1,571.6,615.6,606.5,474.4,680,4,H,B
160000430840,GO,22,M,3,,,,,,4,C,B
160000430841,MG,26,M,1,631.3,642.6,,,,3,E,B
160000430842,SP,19,F,3,,,,,,5,D,A
160000430843,RS,18,F,1,414.3,478.7,515.4,435.9,560,3,C,B
160000430844,PR,26,F,3,,,,,,2,E,A
160000430845,SP,20,F,1,520.6,580.3,566.3,603.5,620,5,F,B
160000430846,SP,19,M,1,642.7,664.6,585.6,923.4,760,3,I,B
160000430847,MG,23,F,0,714,692.6,645.7,788.3,960,2,M,B
160000430848,SP,25,M,3,,,,,,5,E,B
160000430849,SP,25,F,1,528.2,608,594.3,587.2,520,4,H,B
160000430850,CE,17,F,1,629.8,636.3,654.6,665.3,840,5,E,B
160000430851,AM,36,M,3,537.8,644.1,643.9,428.2,580,3,A,A
160000430852,RJ,19,F,1,618.5,705.3,681.9,674.1,760,2,G,B
160000430853,MG,28,F,1,,,,,,5,F,A
160000430854,SP,18,M,1,,,,,,2,F,B
160000430855,RJ,21,M,3,,,,,,5,F,B
160000430856,SP,21,M,3,647.7,721.7,659.6,612.6,920,2,I,B
160000430857,SP,28,F,4,452.6,533.6,537.9,592.9,540,2,A,B
160000430858,SP,18,F,3,452.3,583,567.5,643.3,600,4,A,B
160000430859,RS,28,M,1,476.3,604.1,,,,2,B,B
160008621639,PE,20,F,1,468.2,623.5,575.2,440.2,900,3,C,B
160000430860,PA,19,F,3,561.8,545.1,560.9,450.5,600,5,F,B
160000430861,MG,32,M,3,396.7,448.4,511.8,452.2,360,2,D,A
160000430862,MG,25,F,1,500.7,502.6,543.6,412.5,0,2,C,B
160000430863,RS,21,F,3,436,487.9,503.8,419.9,340,2,D,B
160000430864,BA,23,F,3,,,,,,5,C,A
160000430865,MG,23,F,3,581.8,614.3,604.2,668.6,940,4,H,B
160000430866,CE,23,F,3,562.7,678.9,630.6,547.7,560,2,C,A
160000430867,SP,24,M,3,,,,,,4,P,B
160000430868,RS,19,F,1,597.2,469,,,,2,D,A
160000430869,MG,23,M,4,,,,,,2,F,B
160000430870,RS,25,M,1,,,,,,1,B,B
160000430871,AM,19,M,1,451.8,413.1,418.5,361.8,580,4,C,B
160000430872,CE,35,F,3,,,,,,3,C,A
160008493024,ES,33,F,1,542,583.8,580.9,469.3,620,2,F,B
160000430873,ES,18,M,1,748.7,744.3,658.2,887.7,900,4,E,B
160000430874,PE,30,F,3,611.4,602.6,612.5,558.6,860,5,B,B
160000430875,MS,19,F,1,363.2,406.7,423.9,522,380,5,C,A
160000430876,CE,19,M,3,508.1,501.2,614.9,538.2,660,4,B,A
160000430877,RN,32,F,3,488,527.2,485.5,559.8,500,4,B,A
160000430878,BA,18,F,3,,,,,,4,B,A
160000430879,CE,34,M,3,583,635,619.3,649,520,3,G,B
160000430880,PR,41,F,1,491.9,565,585.3,564.5,580,3,D,B
160000430881,SP,20,M,3,518.8,568,665.4,552.5,640,2,E,B
160000430882,MS,24,M,0,536.3,596,594.6,676.3,500,3,A,A
160000434197,RS,39,F,3,,,,,,2,E,B
160000434198,RJ,22,M,2,428.8,528.6,427.7,358.4,380,4,C,B
160000434199,MG,30,F,1,,,,,,3,E,B
160000434200,MG,22,M,1,,,,,,5,D,A
160000434201,PB,21,M,3,480.2,495.7,460.3,379.2,360,4,C,A
160000434202,RS,23,M,1,,,,,,2,D,A
160000434203,PI,21,M,2,,,,,,6,C,A
160000434204,MG,50,F,3,418.5,579,579,659.1,560,7,H,B
160000434205,RS,25,F,1,,,,,,2,D,A
160000434206,MA,18,F,3,494.1,498.3,556.4,448.6,440,5,F,B
160000434207,GO,17,F,3,420.6,521.8,545.4,473.4,540,4,G,B
160000434208,RS,20,F,1,446.1,613.4,574,416.4,760,2,B,B
160000434209,RJ,22,M,3,521.7,450.9,422.9,501.9,480,5,B,B
160000434210,SP,23,F,1,418.9,430.2,546.4,535.6,560,5,F,B
160000434211,SP,20,F,3,,,,,,5,J,B
160000434212,PI,22,F,3,,,,,,5,A,A
160000434213,MG,19,M,2,488.8,634,594.4,548.4,640,4,E,B
160000434214,MG,22,F,1,,,,,,4,C,A
160000434215,SP,25,F,4,,,,,,2,C,B
160000434216,PR,22,M,1,435,566.1,511.2,553.8,0,3,G,B
160000434217,SP,31,F,3,511.2,631.5,553.2,611.2,540,3,C,A
160000434218,ES,23,M,2,,,,,,2,E,B
160000434219,CE,15,F,3,495.6,577.3,550.4,396.4,480,4,G,B
160000434220,SP,33,F,1,575.1,780.1,701.6,644,680,2,K,B
160000434221,RJ,17,F,1,756.4,680.2,670.3,836.1,780,3,Q,B
160000434222,MA,21,M,1,,,494.4,410.2,480,3,C,A
160000434223,MG,16,M,3,533.5,514.3,543.8,569,600,3,A,A
160000434224,SC,19,F,3,529.6,574,576.2,488.3,760,5,F,B
160000434225,MG,29,M,1,448,595.1,,,,5,D,B
160000434226,BA,19,M,2,,,,,,2,B,A
160000434227,PR,18,M,2,455.5,517.8,564.2,370.6,520,6,G,B
160000434228,PR,21,F,1,,,,,,5,C,B
160000434229,GO,37,M,1,569.2,672.2,614.8,642,700,2,H,B
160000434230,PR,28,M,1,,,,,,4,H,B
160000434231,CE,25,M,3,559,648.7,601.4,517,580,3,E,B
160000434232,SP,19,F,1,384.7,520.2,570.2,486.4,520,5,E,B
160000434233,CE,25,F,3,,,,,,4,C,B
160000434234,MG,19,F,1,505.2,642,618.5,449.8,580,5,C,B
160008618154,PE,25,F,1,616.7,610.3,599.2,756.2,620,3,E,B
160000434235,SP,19,F,1,,,,,,1,C,A
160000434236,PR,37,F,1,,,,,,4,G,B
160008493025,PR,19,M,1,528.1,569.9,,,,3,I,B
160000434237,RJ,17,F,1,655.7,770.3,690.8,741.5,920,4,P,B
160000434238,MG,29,F,1,,,,,,4,D,A
160000434239,SP,25,F,3,,,,,,3,C,B
160000434240,BA,22,F,2,,,,,,1,B,A
160000434241,MG,36,F,3,505.7,596.5,560.4,500.1,680,2,C,A
160000434242,BA,23,F,3,,,,,,4,E,B
160000434243,CE,16,M,3,610.8,729.4,654.2,784.9,840,3,E,B
160000434244,MT,34,M,4,430.8,504.2,472.2,505.2,400,6,E,B
160000434245,MG,32,M,3,,,,,,2,E,A
160000434246,SP,18,F,1,499.4,559,589.9,437.2,520,4,G,B
160000434247,PB,31,M,0,527.5,622.5,640.9,640.8,600,3,L,B
160000434248,MG,19,M,1,,,,,,2,C,B
160000434249,SP,23,F,1,,,,,,3,F,B
160008622086,MG,28,M,3,662.9,713.4,620.6,691,760,3,F,B
160000437570,RS,17,F,1,647.2,645.1,643.6,624,780,3,O,B
160000437571,SP,25,F,1,,,,,,4,C,B
160000437572,CE,35,M,1,,,,,,4,D,B
160000437573,CE,18,M,3,582,659.6,538.1,581.8,880,4,B,B
160000437574,SP,30,F,1,,,,,,3,D,A
160000437575,PA,21,M,3,433.9,512,552.8,529.9,500,5,D,A
160000437576,RJ,18,M,1,659.8,651.4,653,887.7,920,4,O,B
160000437577,SP,19,F,1,548.4,576.8,511.6,421.2,600,3,C,A
160000437578,CE,21,M,2,,,,,,8,C,B
160008374683,CE,36,M,3,632.6,718.2,636.8,566.2,720,3,E,B
160000437579,BA,21,F,2,,,,,,2,C,B
160000437580,RS,20,M,1,,,,,,5,G,B
160000437581,BA,24,M,3,716.4,760.6,614.1,829.5,960,3,N,B
160000437582,SP,20,M,1,447.1,583.3,520.9,351.1,640,5,D,B
160000437583,MA,22,F,1,520.5,513.8,452.9,531.3,420,2,B,A
160000437584,RN,25,F,3,,,,,,8,D,B
160000437585,CE,27,M,1,516.9,407,502.7,684.8,600,5,D,B
160000437586,ES,23,F,1,,,,,,3,F,B
160000437587,SP,23,M,1,582.4,637.9,621.1,665.5,540,5,H,B
160000437588,RJ,22,F,1,,,,,,3,C,B
160000437589,MG,21,F,3,,,,,,4,D,A
160000437590,RJ,22,F,1,579.8,633.6,601.1,626.7,760,4,C,B
160000437591,MG,19,M,3,578.5,571.2,577.3,549.1,520,3,G,B
160000437592,PA,25,F,3,,,,,,2,E,A
160000437593,SP,16,F,1,403.1,553.4,515.4,627.3,600,4,G,B
160000437594,SP,19,M,1,538.8,558.6,543.1,468.2,620,3,C,B
160000437595,MG,26,F,2,,,,,,5,H,B
160000437596,MG,23,M,5,414.9,553.5,574.7,583.5,320,5,C,B
160000437597,SP,24,M,3,404,549,435.4,645.6,520,3,F,A
160000437598,BA,18,F,3,420.4,479.4,461.8,516.4,520,5,C,B
160000437599,SP,28,F,1,659.4,666.2,627.4,712.1,800,1,H,B
160000437600,SP,18,F,1,506.5,558.7,506.6,608.3,440,2,D,B
160000437601,PR,43,M,3,,,,,,3,N,B
160000437602,RS,32,F,1,412.1,440.5,441.9,511.4,360,5,E,A
160000437603,RJ,31,F,2,484.4,599.7,526.1,584.8,700,3,D,B
160000437604,RS,23,M,1,593.9,629,580,406.3,760,1,D,B
160000437605,GO,18,F,1,496.3,549.7,566.3,393,720,3,C,B
160000437606,RS,18,F,1,460.1,472,478.5,549.4,400,4,C,A
160000437607,SE,23,F,3,443.6,603.4,593.2,586.8,600,4,C,B
160000437608,MG,21,F,1,,,,,,5,E,B
160000437609,BA,30,F,2,659.6,652.4,636.2,625.6,780,5,H,B
160000437610,PR,20,M,1,701,636,585.6,769.2,680,4,I,B
160000437611,MG,26,M,3,,,,,,4,C,B
160000437612,SP,18,F,3,662.5,633.1,607.7,576.3,500,4,O,B
160000437613,AL,22,F,3,,,,,,3,D,B
160000437614,BA,18,F,3,630.3,610.4,610.7,528.3,860,5,B,A
160000437615,RJ,42,F,1,,,,,,3,C,B
160000437616,MA,42,M,3,423.5,477.3,475.3,462.2,480,4,C,A
160000437617,BA,27,F,3,435.2,578.3,509.6,633.3,620,2,F,B
160000437618,RS,28,M,1,,,,,,5,C,B
160000437619,AL,22,M,1,,,,,,3,D,B
160000440906,RN,20,M,3,,,,,,4,C,B
160000440907,PE,22,M,1,589,638.8,596.7,576.3,640,3,C,B
160000440908,RS,18,F,1,416,499.1,469.4,482.6,600,3,C,B
160000440909,SC,25,F,1,459.1,617,509.4,579.1,480,3,E,B
160000440910,BA,20,M,3,556.7,494.5,552.6,717.2,540,3,B,A
160000440911,RS,27,F,2,386.7,537.7,554.3,494,620,2,C,A
160000440912,PR,17,F,1,627.8,583.4,523.6,602.9,580,4,L,B
160000440913,PE,19,F,2,536.8,654.6,650.5,648.4,820,5,G,B
160000440914,CE,27,M,1,606.3,724.3,597.7,729.9,760,4,N,B
160000440915,ES,18,F,1,403.9,593,588,576.8,640,4,C,A
160000440916,RJ,25,F,3,,,,,,4,C,B
160000440917,MG,30,M,1,,,,,,3,E,B
160000440918,MG,25,F,2,570.9,649.3,547,666.2,640,1,C,A
160000440919,DF,36,M,3,,,,,,2,C,B
160000440920,MG,29,M,3,626.2,651.5,644.1,549.3,680,5,E,B
160000440921,BA,21,F,2,,,,,,3,E,B
160000440922,ES,28,F,1,604.3,672.7,644.1,677.7,880,1,I,B
160000440923,SP,18,F,1,435.4,547.9,552,398.6,500,4,F,B
160000440924,SC,18,F,3,425.2,546.9,440.4,349.8,760,4,D,B
160000440925,AM,25,M,3,,,,,,4,C,B
160000440926,SP,25,M,1,,,,,,2,B,B
160000440927,PE,21,M,1,,,,,,4,E,B
160000440928,SP,22,F,2,,,,,,3,E,B
160000440929,SP,31,M,1,526.3,599,584,655.2,540,3,C,A
160000440930,PR,21,F,3,,,,,,6,K,B
160000440931,SP,37,M,1,,,,,,1,D,B
160000440932,SE,29,M,3,597.7,695.6,644.9,772.8,640,2,H,B
160000440933,SC,18,F,1,471.9,606.4,617.1,484.7,680,6,G,B
160000440934,MG,17,F,3,529.2,575.5,566.6,349.2,840,4,E,A
160000440935,ES,35,F,3,,,,,,3,C,B
160008493061,MG,19,F,1,465.8,512.9,576.1,488.2,460,6,E,B
160000440936,RJ,38,M,1,,,,,,5,H,B
160000440937,SP,24,F,3,434.6,580.4,538.3,431.6,540,3,D,A
160000440938,BA,33,F,3,,,,,,5,B,B
160000440939,PB,33,F,3,496.1,596.1,627.2,704.3,680,3,C,B
160000440940,PR,32,M,1,633,637.8,610.7,861.1,580,2,K,B
160000440941,ES,18,F,3,653.6,585.9,622.2,395,640,6,J,B
160000440942,MG,23,M,1,490.3,501.2,534.3,578.9,680,6,G,B
160000440943,MG,29,M,2,,,,,,3,E,A
160000440944,BA,15,F,2,497.5,517.8,502.9,416.2,480,4,B,B
160000440945,CE,21,M,3,615,507,553.1,600.4,620,4,M,B
160000440946,SP,22,F,3,516.1,611.9,620.8,734.6,880,5,F,B
160000440947,GO,42,M,3,460.5,539.1,497.9,474,460,3,E,B
160000440948,MG,20,M,2,602.8,667.9,640.4,379.5,620,3,G,B
160000440949,CE,22,M,1,489.8,598.9,,,,5,C,B
160000440950,CE,31,F,3,,,,,,5,C,B
160000440951,MG,23,F,4,401.8,464.6,436.9,523,380,4,H,B
160000440952,MG,20,M,1,614.9,588.4,451.8,723,820,6,Q,B
160000440953,MT,19,M,3,688.3,686.3,560,764.3,720,4,N,B
160000440954,BA,18,F,1,446.1,622.3,592.2,468.3,580,3,B,B
160000440955,PB,22,M,1,384.7,511.5,446.4,348.7,480,5,D,B
160000440956,CE,19,M,1,704.5,747.6,648.7,795.6,800,3,B,B
160000444314,RJ,24,F,3,548.2,649.8,632.4,458.3,880,3,D,A
160000444315,CE,19,F,3,,,,,,6,D,A
160000444316,MS,22,F,2,505.6,628.5,585.6,517.4,680,2,B,A
160000444317,SP,18,F,1,420.4,425.7,426.1,442.2,520,6,D,B
160000444318,SP,18,F,1,639.5,630.9,636.4,770.8,680,3,H,B
160000444319,PR,37,M,1,,,,,,5,G,B
160000444320,PE,19,M,0,533.1,580.1,560.9,666.5,540,3,D,B
160000444321,ES,19,F,3,417.1,567.6,515.9,415.3,560,3,B,B
160000444322,SE,16,M,1,628.3,599.6,582.2,535.5,720,4,L,B
160000444323,PR,30,M,1,429.6,532.9,475.1,580.5,320,5,F,B
160000444324,PR,26,M,3,550.3,498.9,506.7,538.1,520,4,D,B
160000444325,BA,18,M,1,615.6,638.2,594.9,652.7,760,4,B,B
160000444326,BA,16,M,2,391.9,526.2,429.5,411.6,540,4,C,B
160000444327,RJ,18,F,2,607,637.6,640.8,522.4,860,3,C,B
160000444328,BA,24,F,2,516.2,657.1,513.2,515.7,580,2,B,B
160000444329,RJ,23,M,0,696.5,727.7,677.3,796.5,920,3,C,B
160000444330,SP,22,M,1,428.9,571.5,534.1,457.2,560,6,D,B
160000444331,RS,19,M,1,,,,,,3,E,B
160000444332,MG,19,M,4,460.1,553.7,580.7,525.3,820,4,C,B
160000444333,SP,64,M,1,435,484.2,430.4,364.8,400,3,C,A
160000444334,PR,15,F,1,383.2,515.7,544.5,472,540,4,C,A
160000444335,RN,26,F,1,397.7,449.3,532.8,567.6,460,4,C,B
160000444336,PA,37,F,3,400.4,468.7,420.2,419.9,500,7,D,A
160000444337,MG,19,F,1,557.3,619.5,571,564,560,4,E,B
160000444338,MG,35,M,1,543.7,542.6,529.8,528.2,480,2,B,B
160000444339,GO,18,M,3,502.9,628.8,477.9,478.3,700,4,D,B
160000444341,BA,18,M,3,599,668.9,592.2,506.5,780,4,E,B
160000444340,SP,19,F,3,539.8,679.9,614.8,608.2,760,3,D,A
160000444342,BA,25,M,3,,,,,,4,B,A
160000444343,BA,16,M,2,420.4,449.9,464.5,487.2,500,4,C,B
160000444344,SP,23,M,1,520.2,648.9,621.6,530.6,560,6,G,B
160000444345,CE,25,M,1,452.6,663.7,582,598.3,520,3,D,B
160000444346,MG,22,M,3,533.7,587,461.1,703.2,580,6,F,B
160000444347,SP,19,F,1,442.7,460.4,549.6,445.1,640,4,H,B
160000444348,RS,19,F,1,610.5,610.2,674,635.6,500,4,L,B
160000444349,SP,20,F,1,,,,,,5,M,B
160000444350,SP,22,M,2,,,,,,2,C,B
160000444351,PA,19,F,3,377.3,553.5,526.5,538.1,600,5,B,A
160000444352,MG,19,F,1,505.7,544,557.9,535.5,620,3,C,B
160008493189,MT,18,F,1,436.8,583.2,503.7,645.7,880,5,E,B
160000444353,PR,24,F,1,474,592.7,564.9,548.5,600,4,H,B
160000444354,RS,26,M,1,482.4,428.2,,,,1,E,B
160000444355,BA,24,F,3,,,,,,4,F,A
160000444356,SC,39,F,2,425.4,633.8,585.8,653.6,680,3,E,B
160000444357,RO,22,M,1,659.9,689.7,626.6,870.1,800,6,H,B
160000444358,RS,27,M,1,568.8,538.6,602.9,636.3,620,3,D,B
160000444359,DF,30,M,2,474.2,520.6,539.4,475.3,560,3,D,B
160000444360,SP,16,M,3,389.7,572.9,541.9,486.5,480,4,D,B
160000444361,SP,25,M,1,505.1,528.4,561.9,536.6,480,4,F,B
160000444362,CE,24,M,3,,,,,,5,C,A
160008493026,SC,18,F,1,601.5,601.1,645.1,511.7,620,2,G,B
160000444363,MG,19,M,0,597.1,655.9,584.3,533.2,620,6,P,B
160008495887,RR,18,F,3,534.9,575.3,636.7,540.5,660,6,E,A
160000444364,SP,19,F,1,666,661.6,612.9,733.9,780,5,E,B
160000444365,SP,20,F,1,541.5,597.8,589.1,548,600,4,F,B
160000444366,PA,19,F,3,,,,,,4,C,B
160000444367,SP,25,F,1,606.7,591.8,653.2,514.4,680,5,H,B
160000444368,RJ,19,F,1,,,,,,2,E,B
160000444369,BA,23,F,3,487.3,459.2,501.6,401.2,400,3,B,B
160000444370,SC,16,M,1,580.2,611.9,584,641.6,520,4,L,B
160000447732,BA,23,F,3,,,,,,3,C,A
160000447733,MA,25,M,2,,,,,,4,H,B
160000447734,SE,30,M,3,405.7,637.4,,,,3,I,B
160000447735,AM,19,F,1,575,686,636.5,487.3,700,4,C,B
160000447736,RJ,29,F,3,484.5,624.6,550.4,622.1,580,4,E,B
160000447737,SP,24,F,1,660.1,604.7,560.1,624.6,860,3,D,B
160000447738,SP,19,F,1,602.3,657.3,665.2,696.7,480,2,E,B
160000447739,SP,40,M,1,,,,,,4,F,B
160000447740,SP,20,F,2,421.1,434.7,423.6,549.5,560,4,F,B
160000447741,SP,19,F,1,518.6,560.4,565.7,474.6,800,4,C,B
160000447742,PA,45,M,3,439.9,597,555.1,711.4,660,10,G,B
160000447743,AL,32,M,3,668.7,757.8,656,563.1,800,2,N,B
160008374681,BA,18,F,3,369.8,494.9,539.2,474.5,480,7,C,B
160000447744,PB,22,F,1,461.4,613.3,614.5,592,760,4,A,B
160000447745,MG,21,F,0,555.7,658.4,590.5,612.9,880,4,C,B
160000447746,DF,17,M,3,,,,,,5,E,B
160000447747,MG,22,F,1,398,412.6,496.7,503.3,440,4,C,B
160000447748,SP,17,M,1,649.9,660.2,665.5,771.1,900,3,G,B
160000447749,RJ,17,F,3,592.7,528.8,543.5,493.2,640,3,C,B
160000447750,RJ,28,M,1,398.3,535.5,564,449.1,460,2,C,A
160000447751,CE,23,M,2,387.6,541.1,464.5,416.4,560,7,B,A
160000447752,GO,25,M,1,396.8,461.4,468.1,400.5,520,4,D,B
160000447753,RJ,32,F,3,398,507.7,543,371.6,460,4,E,B
160000447754,BA,29,F,3,599.4,695.8,640.1,707.9,820,2,F,B
160000447755,BA,24,F,3,471.6,555.9,590.6,525.8,440,3,C,A
160000447756,MG,22,M,1,379.6,549.8,468.6,570.7,580,1,B,B
160000447757,SP,18,M,1,455.7,553.1,529.6,528.3,500,5,F,B
160000447758,RJ,40,F,1,476.7,589.7,589.9,559.8,680,3,C,B
160008576954,MG,45,F,1,635.3,660.1,633.2,662.8,880,3,K,B
160000447759,ES,19,M,3,,,,,,2,B,B
160000447760,SP,17,M,1,376.6,383.8,414.4,452.2,520,5,D,B
160000447761,CE,19,M,3,543.5,580.7,482.4,595.8,740,4,E,B
160000447762,SP,18,F,1,475.7,670,612.8,466.6,620,3,F,B
160000447763,MS,21,F,1,486.6,543,545.8,368.4,420,3,B,A
160000447764,MG,21,M,3,728.1,730.2,632.2,844,960,3,A,B
160000447765,ES,26,F,1,742.2,686.2,673.4,797.5,860,3,G,B
160000447766,PI,16,M,1,429.2,482,417.9,545.2,700,9,B,B
160000447767,PA,22,F,3,529.9,593.1,561.5,407.5,540,5,C,A
160000447768,GO,18,F,3,571,636,580.3,606.5,720,6,C,B
160000447769,BA,17,M,3,540.9,537.7,573.7,485.2,560,3,F,B
160000447770,SC,19,F,1,558.9,627.9,583.5,393.7,520,3,G,B
160000447771,MG,31,M,3,,,,,,4,E,B
160000447772,PB,53,M,1,,,,,,7,N,B
160000447773,PA,40,F,1,519.6,523.1,579.4,421.4,640,6,G,A
160000447774,SC,20,F,1,571.3,685.4,625.8,460.7,820,3,D,B
160000447775,BA,38,M,3,487.6,656.2,627.8,566.1,840,4,I,B
160000447776,SP,30,F,3,,,,,,2,D,A
160000447777,MG,25,F,3,,,,,,9,C,A
160000447778,SP,19,F,1,513.5,531,554.8,503.4,520,5,H,B
160000447779,MG,32,F,1,,,,,,2,E,A
160000447780,AM,20,M,3,421.3,547.9,504.3,507.8,400,4,E,B
160000447781,MG,22,F,3,,,,,,3,E,B
160000447782,AM,45,M,1,,,,,,4,G,B
160000447783,PE,18,M,1,419.4,419.7,501.4,338.5,560,4,C,B
160000447784,PE,16,M,3,576.8,690.4,652.3,763.7,820,5,Q,B
160000398265,BA,19,F,2,491.1,541.2,592.2,598.3,560,4,C,B
160000398266,GO,25,M,3,540.6,597.8,574.1,721.3,440,6,D,A
160000398267,PR,21,F,1,538.2,609,567,420.1,600,3,C,B
160000398268,SE,21,M,3,482.4,557.6,424.5,473.7,480,4,B,B
160000398269,MG,34,F,1,,,,,,4,F,B
160000398270,SP,25,F,2,,,,,,6,D,A
160000398271,RJ,20,F,1,562.4,619.6,557.6,603,760,1,C,A
160000398272,SP,18,F,1,731.2,651.5,646.8,724.3,720,4,Q,B
160000398273,SP,22,F,2,,,,,,2,E,A
160000398274,CE,24,M,3,494,575.3,572.5,512.5,440,7,G,B
160000398275,GO,18,M,3,749.6,648.5,627.3,764.7,900,4,I,B
160000398276,SP,20,F,1,,,,,,4,G,B
160000398277,SP,29,F,3,,,,,,3,E,B
160000398278,CE,22,M,3,385.9,523.8,525.8,519.4,480,6,H,B
160000398279,MG,23,F,2,421.7,480.6,518.3,463.5,500,4,D,A
160000398280,SP,21,F,1,509.4,636.9,648.4,499.3,660,6,G,B
160000398281,SP,23,M,3,479.6,528.6,457.4,542,460,8,B,B
160000398282,ES,18,F,2,490.5,591.9,631.2,416.9,680,4,C,B
160000398283,RS,21,F,3,421.9,601.9,616.5,514.4,520,3,D,A
160000398284,PR,30,M,1,,,,,,3,F,B
160000398285,MA,25,F,3,,,,,,5,C,A
160000398286,CE,17,M,3,482.2,574.6,434.7,562.3,580,4,B,A
160000398287,MG,21,F,3,669.6,671.7,538.3,777.4,720,4,K,B
160000398288,SP,21,F,3,440.5,546.6,546.4,420.2,600,6,C,B
160000398289,TO,18,M,1,,,,,,5,D,B
160000398290,MG,25,F,1,646.9,591.6,621.9,669.1,900,3,G,B
160000398291,PR,22,M,2,460,551.1,499,453.7,620,3,F,B
160000398292,RJ,20,F,2,502.3,645.5,565.2,538.5,600,3,C,A
160000398293,SP,17,F,2,,,,,,5,E,B
160000398294,PR,22,M,3,,,,,,3,B,A
160000398295,SP,22,M,3,567.3,703.6,729,644.2,640,1,D,B
160000398296,SP,17,F,1,511.7,525.5,453.5,509.7,440,2,C,B
160000398297,MA,26,F,3,,,,,,3,D,B
160000398298,PA,20,F,3,,,,,,2,E,A
160000398299,RO,26,F,3,,,,,,1,C,A
160000398300,BA,18,F,3,544.4,651,552.5,612.3,760,4,G,B
160000398301,ES,18,M,3,571.1,631.8,505.6,731.7,560,3,G,B
160000398302,SP,22,M,1,,,,,,4,G,B
160000398303,PR,25,F,1,427.6,568.1,,,,3,D,A
160000398304,PB,24,F,3,507.1,506.2,550.8,374.9,600,3,C,A
160000398305,SP,30,M,1,635.4,667.8,641.4,795.8,760,2,H,A
160000398306,PR,26,M,1,,,,,,3,D,B
160000398307,DF,18,M,3,482.3,577,569.5,498.6,660,5,C,B
160000398308,ES,24,M,1,432.9,526.3,551.9,404.6,600,2,B,B
160008495888,SC,19,F,1,599.9,630.5,622.5,783.2,720,5,G,B
160000398309,MG,18,M,1,486.3,584.9,526.1,440.8,540,5,J,B
160000398310,PI,25,F,3,,,,,,4,B,A
160000398311,SP,28,M,3,500.7,572.4,569.4,632.2,680,3,C,B
160000398312,RJ,20,M,1,,,,,,3,E,B
160000398313,PI,22,M,2,404.7,479.8,552.2,396.3,520,5,C,B
160000398314,SP,21,M,3,566.8,642.5,591.4,565.5,600,4,F,B
160000398315,MG,16,M,2,,,,,,6,H,B
160000398316,MG,18,F,2,409.2,545.1,561.5,426.4,600,4,C,B
160000398317,MG,28,M,1,,,,,,2,I,B
160000398318,MA,28,M,3,,,,,,8,C,A
160000398319,SP,18,F,1,563.7,600.4,589.9,616.5,620,4,D,B
160000398320,PE,17,F,2,622.7,662,597.1,626.5,600,6,F,B
160000398321,CE,23,M,2,456.4,462.7,557.4,570.8,680,5,C,B
160000398322,PA,35,M,3,439.6,585.4,530.3,538.8,440,5,C,A
160000398323,SP,19,M,1,699.6,723.8,620.6,782.5,660,4,N,B
160000401686,MG,21,F,2,459,582.1,522.9,464.5,560,4,E,B
160000401687,SP,31,M,1,519.4,625.9,577.8,488.4,760,2,H,B
160000401688,SP,20,F,3,403,487.4,,,,2,B,A
160000401689,SE,31,F,3,540.7,583.7,561.8,483.2,520,2,D,B
160000401690,BA,44,M,3,535.2,675.6,578.1,531.5,500,3,F,B
160000401691,CE,23,M,3,524.3,669.7,631.7,618.6,860,2,D,B
160000401692,SC,28,F,3,386.1,548.1,519.6,554.5,720,2,D,B
160000401693,SP,19,F,1,430.1,466.9,577.3,383.6,500,4,B,B
160000401694,MG,24,F,1,657.4,677.1,658.1,678.5,800,1,D,B
160000401695,PR,17,M,1,653.4,619.6,626.4,752.1,640,4,P,B
160000401696,MG,26,M,1,458.7,507.1,427.4,502,400,4,B,B
160008576956,DF,21,F,3,401.5,515.2,515.2,529,480,5,B,A
160000401697,BA,18,F,1,507.6,613.8,570.1,480.3,880,3,H,B
160000401698,RS,30,F,1,,,,,,3,H,B
160000401699,SE,16,M,5,638.7,640.2,552.3,590.1,900,3,N,B
160000401700,SP,18,F,1,,,,,,3,C,B
160000401701,SP,19,F,1,,,,,,1,C,A
160000401702,SC,21,M,3,,,,,,4,E,B
160000401703,ES,19,F,1,,,,,,5,C,B
160000401704,SP,19,F,3,,,,,,2,C,B
160000401705,RJ,23,F,1,,,,,,3,E,A
160000401706,RJ,24,F,2,564.1,618.8,583.3,710.3,520,5,H,B
160000401707,BA,37,F,3,,,,,,4,B,A
160000401708,PB,17,M,1,595.7,652.9,632,760.5,760,2,K,B
160000401709,PE,27,M,3,722,696.5,627.1,750.7,740,11,I,B
160000401710,RJ,27,F,1,531.5,577.6,633.5,406.8,540,6,I,B
160000401711,RN,21,F,3,480.1,501,481.8,457,0,5,B,B
160000401712,PE,42,F,1,413.6,495.4,487.9,468.9,500,3,B,B
160000401713,SC,24,F,1,,,,,,2,F,B
160000401714,RJ,18,M,2,,,,,,5,G,B
160000401715,PR,36,M,1,512.7,620.4,523.6,628.2,820,5,B,A
160000401716,SP,24,M,1,451.7,543.7,378.3,484.1,560,5,E,B
160000401717,PB,17,M,1,580.7,638.4,603.6,466.5,800,2,C,B
160000401718,GO,23,F,2,403.6,606.8,570,514.7,780,1,B,B
160000401719,MG,22,F,1,374.1,499,459.6,450.3,440,4,C,A
160000401720,PA,27,M,3,391.7,413.8,417.1,524.3,380,5,C,B
160000401721,RJ,34,F,1,,,,,,5,D,B
160000401722,CE,17,F,4,496.6,442.7,458,388.9,480,6,C,B
160000401723,CE,26,M,3,411.2,418.5,432,469.8,400,4,C,B
160000401724,AL,34,F,3,457.5,460.9,461.9,471.7,600,5,C,B
160000401725,RS,23,M,1,659.6,639.3,632,835.4,840,4,I,B
160000401726,SP,20,F,1,475.5,614,615.1,570,560,4,I,B
160000401727,MG,32,M,2,,,,,,4,C,B
160000401728,ES,36,M,1,521.9,634.1,553.3,423.4,620,2,E,B
160000401729,RO,21,M,1,512.3,608.5,620.6,730.9,600,5,N,B
160000401730,SC,18,M,1,815.9,709.4,669.3,869.8,920,4,O,B
160000401731,DF,21,M,1,,,,,,4,H,B
160000401732,MG,35,M,2,644.6,697.4,677.6,753.3,560,4,H,A
160000401733,SP,19,M,1,,,,,,4,F,B
160000401734,PA,21,M,3,553.5,609.8,598.1,581.5,680,4,A,B
160000401735,SC,22,F,1,506.3,585.5,607.4,625.9,560,3,E,B
160000401736,MG,20,F,1,584.6,596.2,537.7,617.8,780,4,Q,B
160000401737,PR,20,F,1,603,588.2,538.2,595.5,680,4,I,B
160008374686,SP,18,F,1,571,572.2,555,459.4,600,4,D,B
160000401738,RJ,16,M,1,566.3,591.5,543.2,559.9,520,4,F,B
160000401739,RN,47,M,3,598.7,699.1,592,674.8,820,3,N,B
160000401740,MA,18,M,1,416.5,520.7,425.7,452,760,4,D,B
160000405089,MG,26,M,4,,,,,,4,N,B
160000405090,MG,19,F,1,,,,,,4,C,B
160000405091,CE,26,M,3,389.4,586.2,,,,4,B,B
160000405092,MG,27,M,6,,,,,,3,H,B
160000405093,BA,18,F,3,383.9,482.2,575.7,571.2,520,5,C,B
160000405094,RJ,20,F,1,525.7,586,577.6,443.6,400,3,C,B
160000405095,MA,17,M,3,585.7,625.2,518.5,460.8,700,3,C,B
160000405096,BA,38,M,2,,,,,,8,C,A
160000405097,MT,26,F,3,,,,,,3,F,B
160008596320,DF,36,F,2,,,,,,5,C,B
160000405098,DF,21,F,1,634.2,603.3,598.1,443.4,680,5,E,B
160000405099,MG,21,F,2,450,429.3,566,396.2,460,5,C,A
160000405100,DF,19,M,3,449.3,595.5,515.9,363.4,620,5,D,A
160000405101,RJ,19,M,3,409.7,483.8,445.7,483.6,500,5,M,B
160000405102,MG,25,F,2,392.6,558,458,585.1,520,2,D,A
160000405103,SP,18,M,1,619.8,697.7,671.6,837.1,680,4,I,B
160000405104,SP,19,F,3,494.8,500.1,530.5,470.5,520,4,G,B
160000405105,RN,28,F,1,498.7,466.4,552.4,431.1,660,2,D,B
160000405106,SP,43,F,1,417.5,585,556.6,468.8,600,2,D,A
160000405107,SP,18,F,3,643.8,651.1,653.5,794,680,2,B,B
160000405108,PI,24,F,3,431.3,531.9,535.6,475.8,400,6,A,A
160000405109,GO,18,M,1,471.9,603.5,526,433.1,600,4,C,B
160000405110,MG,19,M,3,616.7,653.7,583.3,524.9,600,1,B,B
160008374688,SP,24,M,3,,,,,,6,B,B
160000405111,MG,28,F,3,601.3,561.6,570.9,559.3,620,3,F,A
160000405112,GO,19,M,1,574.2,653.6,582.5,574.7,760,3,F,B
160000405113,SP,20,M,0,646,663.5,637.2,645.9,800,4,N,B
160000405114,RS,18,M,1,512.3,559.2,465.1,417.7,420,5,C,A
160000405115,MG,18,F,1,559.8,594.8,603.5,583.3,660,5,C,B
160000405116,SP,17,F,1,,,,,,4,J,B
160000405117,MG,30,M,1,487.1,407.1,387.8,583.5,400,3,B,B
160000405118,GO,27,F,3,423.8,618,634.4,654.7,600,4,E,B
160000405119,BA,20,F,4,413.1,470.6,463,365.6,480,5,D,B
160000405120,MG,18,F,3,534.5,631.7,609,574.4,640,4,D,B
160000405121,RS,19,M,1,544.8,546.7,521.5,673.7,560,3,C,B
160000405122,SP,20,F,3,678.4,748.9,656.1,641.9,1000,1,C,B
160000405123,SP,17,F,1,468.2,540.1,512.9,463.3,520,5,C,B
160000405124,SC,22,F,2,,,,,,4,H,B
160000405125,MG,19,M,3,664.1,735.1,661.3,776.3,800,5,G,B
160000405126,RJ,20,F,3,,,,,,2,D,B
160000405127,PA,17,F,3,561.8,595.8,583.9,563.2,740,3,C,B
160000405128,SP,22,F,1,,,,,,3,H,B
160000405129,PE,24,M,2,,,,,,4,D,A
160000405130,BA,22,F,1,,,,,,2,C,B
160008492988,PR,21,F,1,545.1,609.6,615.8,642,560,3,C,B
160000405131,PR,26,F,1,,,,,,2,C,B
160000405132,CE,15,M,5,606.4,599.4,534,561.5,360,4,D,A
160000405133,PE,24,M,2,578.3,594.2,623.2,765.9,580,4,B,A
160000405134,BA,21,F,3,,,,,,7,C,A
160000405135,SP,45,F,1,426.9,533.9,542.9,396.4,440,3,E,A
160000405136,MG,29,M,1,,,,,,2,F,B
160000405137,SP,19,M,1,582.9,621.7,589.3,568.6,720,4,D,B
160000405138,MG,19,M,3,404.5,607.5,553.1,492.3,580,9,B,B
160000405139,SC,18,F,1,,,,,,4,F,B
160000405140,PR,27,M,1,,,,,,3,C,B
160000405141,RS,34,M,1,,,,,,4,N,B
160000407937,MG,19,F,1,665.8,640,612.5,714.8,940,4,G,B
160000407938,SP,34,F,3,,,,,,3,D,B
160000407939,PB,24,F,4,546.6,591.9,595.6,400.5,780,3,D,B
160000407940,MG,26,F,3,472.3,587.8,584.3,443.4,580,5,C,A
160000407941,SE,18,F,3,627.5,590.7,572.4,518,580,4,I,B
160000407942,CE,19,F,1,438.5,526.2,459.1,487.1,540,2,B,A
160000407943,BA,24,F,3,452.2,648.1,529.7,432,820,3,C,B
160000407944,DF,35,F,3,489.3,552.7,510.3,500.9,580,4,C,B
160000407945,SP,21,F,1,,,,,,3,E,B
160000407946,RJ,18,M,1,,,,,,2,D,B
160000407947,PB,27,F,3,452.9,550,470.9,391.7,540,5,B,A
160000407948,DF,20,M,1,,,,,,2,D,B
160000407949,PR,17,F,1,381.1,515.2,498.8,407.5,460,4,C,B
160000407950,MA,15,F,2,430.6,418.3,431.8,447.2,460,4,C,B
160000407951,PE,21,F,2,,,,,,4,C,B
160000407952,RJ,18,F,1,637.4,652.1,610.5,761.6,920,3,M,B
160000407953,BA,39,F,1,600,654.4,621.8,501.9,660,4,E,B
160000407954,MT,46,M,1,574,675.9,634.8,668,380,1,H,B
160000407955,MG,21,F,2,380.3,446.3,540.8,452.7,540,3,F,B
160000407956,SP,16,M,1,606.9,650.7,648.2,744.1,760,4,O,B
160000407957,AC,24,M,1,473.3,558.2,,,,3,B,B
160000407958,AL,18,F,1,467.8,512.8,541.8,390.4,600,4,C,B
160008374684,BA,20,F,2,577.3,566.8,558.9,522.3,520,4,C,B
160000407959,SP,17,F,2,497.2,600.9,506.2,379.2,380,3,D,B
160000407960,GO,22,M,3,,,,,,4,D,B
160000407961,SP,24,F,1,539.3,611.4,605.3,674.7,640,3,D,B
160000407962,PR,17,F,1,372.2,506.1,481.2,425.8,500,3,F,B
160000407963,SE,19,F,3,495.3,527.8,498.3,557.7,500,4,B,B
160000407964,MG,19,F,1,392.9,583.8,516.4,408.4,560,4,B,A
160000407965,PR,20,F,1,444.7,471.8,544.3,410.2,440,6,C,A
160000407967,SC,25,F,1,,,,,,2,F,A
160000407966,BA,21,M,2,596.5,626.2,582.2,710.3,800,4,G,B
160000407968,PR,24,F,1,,,,,,1,C,B
160000407969,SP,29,M,0,496.7,604.4,605.2,729.7,480,1,D,A
160000407970,RJ,18,M,1,413.9,553.9,535,519.7,440,2,C,B
160000407971,MG,25,M,3,,,,,,1,E,B
160000407972,PR,19,F,1,521.7,587.7,590,397.1,560,4,H,B
160000407973,BA,20,F,3,431.4,551,574.3,561.2,480,4,C,B
160000407974,BA,17,F,2,409.6,524.5,548.4,446,680,3,C,B
160000407975,PE,19,M,4,479.3,543.7,533.9,564.2,460,4,D,B
160000407976,PB,19,M,3,513.6,410,528.2,433.8,520,5,A,A
160000407977,PR,16,F,1,545.5,582.9,523.6,615.3,480,4,C,B
160000407978,SP,30,F,1,,,,,,6,P,B
160000407979,SP,22,M,1,,,,,,4,E,B
160000407980,BA,22,F,2,551.1,610.3,628.2,523.2,500,3,C,B
160000407981,SP,20,M,1,401.6,563.5,569.4,408.2,700,5,C,A
160000407982,GO,20,F,1,589.4,651.4,678,639,740,2,J,B
160000407983,BA,19,M,3,427.9,440.2,422.1,459.2,0,15,B,B
160000407984,SP,29,F,1,,,,,,4,D,B
160000407985,PA,17,M,3,464.2,498.9,365,481.2,520,4,D,B
160000407986,MT,24,F,1,415.3,556.1,557.2,482.5,600,4,G,B
160000407987,SP,22,F,4,458.5,557.4,436.8,359.5,720,3,D,B
160000407988,BA,30,M,3,,,,,,2,C,B
160000407989,CE,36,M,3,544.2,660.9,516.3,590.2,640,4,C,B
160000407990,GO,20,M,3,550.9,497.8,488,438.5,440,6,C,B
160000407991,PB,22,F,3,542.6,642.6,623.7,506.2,560,4,C,B
160000407992,SP,18,M,1,559.5,611.7,607.6,609.6,800,3,B,B
160008493027,SP,18,F,1,552.2,627.3,567.2,652.5,840,4,H,B
160000407993,MG,22,M,1,537.1,611.8,574.4,616.9,740,2,B,A
160000407994,SP,18,F,3,436.2,528.7,537.5,472.3,500,2,B,B
160000410931,SP,24,F,1,449.1,573.7,545.1,584.2,640,4,C,B
160000410932,DF,17,F,1,508,537.4,509.6,386.2,560,5,G,B
160000410933,SP,28,F,3,,,,,,4,E,B
160000410934,RS,28,F,1,497.8,623,606.6,671.2,560,4,D,B
160000410935,BA,20,F,1,427.9,606.1,562.3,361.4,580,5,G,B
160000410936,GO,17,F,0,400.6,418.5,543.6,450.7,560,4,D,A
160000410937,BA,36,F,1,,,,,,9,D,B
160000410938,GO,19,F,4,453.4,535.7,444.1,419.6,600,3,C,A
160000410939,MG,18,F,1,624.8,668.7,647.1,679.9,840,5,C,B
160000410940,SP,21,M,1,625.9,670.2,584.1,714.1,840,3,D,B
160000410941,PR,64,M,1,548.9,634.7,582,498.2,400,1,C,B
160000410942,PR,29,F,1,386.1,562,600.1,563.3,500,3,H,A
160000410943,RJ,18,F,1,,,,,,2,B,B
160000410944,PE,31,F,3,468.7,522.8,548.4,545.8,540,4,C,A
160000410945,BA,24,M,3,408.9,567.4,472.2,503.8,540,5,C,B
160000410946,PE,21,F,3,,,,,,4,C,B
160000410947,CE,18,M,3,,,,,,5,I,B
160000410948,MS,36,M,1,510.8,541.9,516.5,494.8,480,6,G,B
160000410949,ES,29,F,3,442.5,513.4,483.5,393.9,440,2,C,A
160000410950,MA,25,M,2,504.7,574.1,532,717.9,480,9,G,A
160000410951,PE,19,F,1,526.9,603.2,569.5,416.9,680,4,F,B
160000410952,RS,20,M,0,476.5,636.4,,,,3,B,B
160000410953,SP,22,F,3,,,,,,3,C,B
160000410954,SP,42,F,3,,,,,,2,D,B
160000410955,GO,29,M,2,,,,,,5,D,A
160000410956,MA,21,F,3,439.7,437.8,516.7,444.5,400,5,B,B
160000410957,ES,46,M,3,594.5,620,617.4,605.5,540,1,I,B
160000410958,SP,18,F,3,594.9,502.6,542.2,605,640,3,E,B
160000410959,SP,35,M,1,539.6,604.8,605.9,499.2,660,4,E,B
160000410960,PE,22,M,3,,,,,,5,C,B
160000410961,GO,17,F,1,539.4,501.5,584.2,490.5,540,5,C,A
160000410962,MG,20,F,3,493.1,438.8,531.7,473.2,520,4,B,A
160000410963,RS,22,F,1,433.5,583.5,522.5,543.2,600,3,G,B
160000410964,GO,19,F,3,510.5,554.3,523.5,495.3,620,7,M,B
160000410965,RS,35,F,2,427.5,423.7,,,,2,B,B
160000410966,RJ,35,M,1,489.6,598.7,565.9,549.1,400,3,F,B
160000410967,SP,23,F,3,568.1,618.7,587.6,638.6,540,4,F,B
160000410968,SE,24,M,3,537.1,643.5,569.8,600.2,820,2,B,B
160000410969,RJ,26,F,1,,,,,,5,F,B
160000410970,BA,24,M,1,,,,,,4,D,B
160000410971,MG,20,M,1,401.4,511.4,513.1,506.8,840,4,G,B
160000410972,MG,18,F,1,476.4,543.3,536.9,550.5,740,4,D,B
160000410973,CE,28,M,1,484.7,537.9,,,,2,D,B
160000410974,MG,24,F,1,,,,,,4,I,B
160008598163,MG,34,F,1,,,,,,3,I,B
160000410975,DF,20,F,3,,,,,,6,D,B
160000410976,RJ,19,F,1,428.6,478,511.2,410.9,660,5,C,B
160000410977,SP,24,M,3,417.1,517.6,404.1,383,460,5,C,A
160000410978,MG,19,F,2,,,,,,6,H,B
160008492989,PB,19,F,1,676.4,705.9,666.3,774.7,900,4,E,B
160000410979,CE,17,F,1,599.1,655.8,638.7,720.8,840,6,P,B
160000410980,MS,44,M,3,538,605,444,436.2,380,3,C,B
160008374682,CE,26,M,3,,,,,,3,H,B
160000410981,RN,18,M,1,494.4,565.6,522.3,562.7,600,4,D,B
160000410982,CE,34,F,3,,,,,,1,K,A
160000410983,PR,22,F,1,403.5,595.2,562.3,520.5,540,2,D,B
160008576955,SP,33,F,3,,,,,,5,B,B
160000410984,PA,44,M,3,533,613.7,563.4,496.4,780,3,G,B
160000410985,SP,17,M,1,597.7,698.3,659.6,735.7,740,4,P,B
160000414085,SP,17,F,1,626.6,681.5,632.7,623.8,840,3,N,B
160000414086,MG,18,F,2,472,584.6,565.6,472.1,580,3,C,B
160000414087,SP,20,M,1,598.3,614.8,604.5,577.2,560,4,G,B
160000414088,SP,33,M,3,465.1,527.6,443.6,503.8,480,3,B,B
160000414089,RJ,28,F,2,,,,,,5,C,B
160000414090,MA,29,F,3,,,527,506,560,1,B,A
160000414091,MT,22,M,3,,,,,,3,B,B
160000414092,SE,21,F,3,462.1,572.5,599.5,436.6,560,1,B,B
160000414093,RJ,38,F,1,,,,,,4,D,B
160000414094,MA,17,F,3,511.2,612.5,551.7,373.2,580,3,A,A
160000414095,RJ,21,M,1,,,,,,3,C,B
160000414096,MG,35,M,3,615.4,698.6,669.3,546.2,600,2,K,B
160000414097,MG,28,F,1,498.6,583.5,605.3,610.9,740,2,B,A
160000414098,CE,20,F,3,565,608.2,,,,2,C,B
160000414099,RS,21,F,3,,,,,,3,I,B
160000414100,SP,33,M,1,584.3,659.7,589.7,689.4,600,3,D,B
160000414101,SP,21,F,3,420.6,503.6,502.4,461.4,400,7,G,B
160000414102,RJ,52,M,3,,,,,,5,Q,B
160000414103,RS,26,F,1,389.3,472.6,471.2,594,580,1,E,A
160000414105,TO,17,F,1,640.4,682.5,610.5,661.5,640,5,Q,B
160000414104,TO,25,F,3,489.6,509,502.9,496.5,540,2,C,A
160000414106,MA,20,M,0,633.7,682.7,628.9,703.5,880,3,B,B
160000414107,PR,18,F,1,608.3,611,513.1,468.2,480,4,F,B
160000414108,AP,30,M,3,,,,,,4,D,A
160000414109,BA,22,F,3,,,,,,7,C,B
160000414110,BA,33,F,1,493,646.9,609.6,543.6,620,1,A,A
160000414111,MG,25,F,1,491.4,546.1,406.2,397.4,720,4,D,B
160000414112,PR,17,F,1,,,,,,3,D,A
160000414113,MG,25,F,3,519.1,510.4,527.8,389.8,600,3,D,B
160000414114,SP,26,M,4,,,,,,3,G,B
160000414115,ES,20,M,3,560.4,620.1,634.2,506.2,620,4,B,B
160000414116,MA,33,M,3,634.8,664.7,554.6,572.4,600,4,H,B
160000414117,SP,30,M,3,,,,,,2,D,B
160000414118,MG,24,M,1,540.3,593.1,580.5,546.2,540,4,F,B
160000414119,SP,21,F,1,541.3,621.1,639,414.2,660,4,H,B
160000414120,GO,22,F,3,421.2,545,477.4,458.2,600,2,B,A
160000414121,SP,18,F,1,483.1,586.1,484,426.3,500,3,D,B
160000414122,MG,23,M,3,,,,,,4,D,B
160000414123,PR,27,M,2,536.5,619.8,587.1,679.2,560,3,C,A
160000414124,PB,18,M,3,510,583.9,487,509.6,660,4,C,B
160000414125,MG,24,F,1,,,,,,3,C,B
160000414126,RJ,24,F,1,,,,,,5,C,B
160000414127,RS,24,M,6,665.4,632.1,640.3,696.9,720,2,B,B
160000414128,SP,18,F,1,,,,,,3,B,B
160000414129,RO,22,M,4,,,,,,5,H,B
160000414130,MG,23,F,6,480.4,449.9,516.3,538.4,460,3,N,B
160000414131,MG,21,M,1,,,,,,4,E,B
160000414132,PI,17,F,3,516.5,529,521.8,434.3,540,5,B,B
160000414133,BA,23,F,1,494.6,571.2,512.7,446.7,460,2,B,A
160000414134,SP,25,M,3,629.4,614.3,496,695.2,580,5,C,A
160000414135,BA,28,M,2,,,,,,2,B,A
160000414136,MS,18,F,1,576.1,645.2,584.4,695.2,680,3,L,B
160000414137,PR,18,F,1,448.4,583.9,509,544.3,660,5,D,B
160000414138,BA,27,M,3,,,,,,3,C,B
160000414139,GO,25,F,3,418.8,452,423.3,420.5,360,6,C,B
160000414140,SP,41,M,1,,,,,,2,C,B
160000414141,SP,24,M,3,398.6,550.2,474.6,428.3,340,6,D,B
160000414142,PI,22,M,3,,,,,,1,A,B
160000417395,SC,23,M,1,506.1,538.6,543.1,508.5,460,1,D,B
160000417396,SP,35,F,2,,,,,,2,D,A
160000417397,BA,21,F,3,,,,,,4,D,B
160000417398,PR,23,M,1,471.5,517.6,,,,3,C,B
160000417399,CE,18,F,3,523.8,498.7,557.4,433,460,4,B,B
160000417400,SP,22,M,1,,,,,,5,D,B
160000417401,RJ,21,F,1,,,,,,3,B,A
160000417402,DF,21,M,3,588.7,623.7,610.7,710.9,440,2,C,B
160000417403,RJ,18,F,1,620.9,705.9,688.9,828.3,920,3,P,B
160000417404,ES,24,F,1,483.3,628.2,593.2,334.3,500,3,C,B
160000417405,CE,18,F,3,489.6,661.2,577.5,490.7,800,3,B,A
160000417406,PR,27,F,2,,,,,,2,D,B
160000417407,AP,19,F,3,544.6,608.6,579.4,477.4,640,4,I,B
160000417408,MG,37,M,1,620.4,662.1,615.9,674.9,820,4,N,B
160000417409,PB,17,M,3,690,690.2,614.3,850,920,4,H,B
160000417410,BA,38,M,2,482.2,514.9,466.4,467.9,500,2,C,B
160000417411,RN,18,M,3,559.6,534.2,456.7,557,480,7,C,A
160000417412,RJ,18,F,1,637.1,632.2,615.1,718.7,700,3,L,B
160000417413,RN,19,M,3,635.5,654.9,603.9,635.4,740,4,E,B
160000417414,BA,19,M,1,614.2,598.2,636.6,646.6,620,2,H,B
160000417415,SP,21,F,1,728.7,743.5,650.1,691.4,780,4,G,B
160000417416,AC,28,M,3,606.2,591.8,581.8,506.3,680,5,G,B
160000417417,DF,34,F,3,,,,,,4,D,B
160000417418,CE,17,M,2,476.3,585,560,473.3,580,3,C,B
160000417419,SP,31,M,3,,,,,,2,D,A
160000417420,RN,23,F,1,577.6,596.4,572.5,525.6,780,5,K,B
160000417421,RN,17,M,3,413,473.1,452.1,498.3,480,7,B,B
160000417422,PR,24,F,2,,,,,,5,D,A
160000417423,PR,25,F,1,442.2,508.1,534.5,403.7,600,4,H,B
160000417424,SP,31,F,1,403.7,527.9,530.3,464.4,620,4,D,A
160000417425,SP,24,M,2,560,611,622.1,670,700,5,F,B
160000417426,MG,19,F,1,410.1,600.7,529.2,442.8,680,2,F,B
160000417427,DF,25,M,3,620.6,581.3,617.8,593.4,500,5,J,B
160000417428,SE,34,F,3,425.7,586.5,518.2,377,520,1,C,A
160000417429,CE,17,F,1,623.9,584.4,597.7,693.4,680,4,P,B
160000417430,MG,19,M,1,604.9,652.4,638.6,780,640,4,D,A
160000417431,PR,24,F,1,463.8,386.2,544.2,496.4,420,6,D,B
160000417432,MG,21,F,1,495,592.4,527.7,474.4,680,4,O,B
160008576957,RJ,33,F,3,587.4,666.5,659.2,551,560,3,D,B
160000417433,SP,21,F,4,552.6,634.5,572,534,920,2,D,B
160000417434,GO,31,F,1,,,,,,4,G,B
160000417435,SP,22,M,1,595.2,626.1,543.3,526,520,3,D,B
160000417436,SP,27,F,1,503.2,574.1,599,635.9,720,2,D,B
160000417437,PA,29,F,1,564.1,603.4,591.2,485.2,580,3,I,B
160000417438,PA,32,F,2,436.4,445.8,479.6,418.9,380,3,D,B
160008576958,SP,17,F,1,634.3,654.3,620.3,681.8,640,3,H,B
160000417439,SP,20,M,1,533.9,550.4,564,517.5,640,4,H,B
160000417440,CE,18,F,2,385.8,460.9,485.1,400.1,400,6,B,A
160000417441,PA,23,M,3,,,,,,4,B,A
160000417442,MG,27,F,2,,,,,,3,E,B
160000417443,DF,23,M,2,,,,,,4,C,B
160000417444,PR,18,F,1,543.9,619,555.2,672,560,3,F,B
160000417445,SP,36,F,2,582.1,707.1,690.3,670.2,640,4,Q,B
160000417446,MG,19,F,1,488.4,594.6,530.2,628.7,480,3,E,A
160000417447,MG,20,M,3,635.2,631.5,594.2,660.1,720,4,E,B
160000417448,AM,20,M,1,530.5,666.2,612.7,575.3,720,3,D,A
160000420748,MG,19,F,1,606.7,644.9,610.2,687,900,1,E,B
160000420749,MG,22,M,1,608.7,625.8,632.5,720.7,820,3,F,B
160000420750,RS,18,F,1,424.5,402.7,443,434.2,440,3,C,B
160000420751,PA,24,F,3,474.9,529.5,610.4,466.6,660,4,E,A
160008462323,RJ,42,M,1,,,,,,3,F,B
160000420752,PE,20,F,4,452.1,442.2,491.5,411.8,360,2,B,A
160000420753,SP,21,F,1,514.6,560.5,601.5,459.5,640,2,B,B
160000420754,SP,17,F,3,477,522.8,550.3,483.6,640,4,D,B
160000420755,MT,25,F,3,,,,,,2,C,B
160000420756,SP,19,F,1,585.2,529.8,591.4,474.6,600,4,D,B
160000420757,AL,29,M,3,672.2,771.1,650.2,827.2,900,3,H,B
160000420758,SE,22,F,3,444,540.5,448.8,374.8,520,3,B,A
160000420759,GO,23,M,3,404,551.2,543.4,497.3,400,6,E,B
160000420760,RS,17,F,1,614.1,654.3,629,707.7,680,4,N,B
160000420761,SC,25,M,1,532.6,601.1,535.2,517.5,780,3,C,B
160000420762,RJ,41,M,3,516.9,613.9,539.4,648.4,760,1,B,B
160000420763,GO,20,F,1,750.8,724.2,761.3,829.8,840,3,Q,B
160000420764,BA,40,M,3,,,,,,1,C,A
160000420765,RJ,31,F,1,636.4,682.9,638,752.6,680,1,M,B
160008578225,SP,16,M,1,532.8,606.2,601,720.9,520,3,I,B
160000420766,SC,27,M,2,459,559.9,526.7,404.6,480,1,C,B
160000420767,GO,20,F,3,508.3,521.2,516.4,504,740,3,G,B
160000420768,RJ,19,F,3,,,,,,6,D,B
160000420769,MA,22,M,2,,,507.8,684.9,400,4,B,B
160000420770,GO,18,F,3,426.3,444.5,385.8,384.2,560,3,D,B
160000420771,PI,23,M,3,648.3,717.4,670.4,824.2,940,3,E,B
160000420772,MA,24,M,3,482,578.1,602.1,549.9,580,6,C,A
160000420773,CE,27,M,2,,,,,,3,B,B
160000420774,BA,22,F,2,491,327.4,501.9,470.9,480,3,C,B
160000420775,RJ,34,F,2,,,,,,3,B,B
160000420776,MS,20,M,1,493.3,508.7,564.3,360.8,680,4,D,B
160000420777,PE,18,M,3,599,706.3,624.4,603.5,600,3,C,B
160000420778,MT,27,F,4,,,,,,5,F,A
160000420779,RO,22,F,3,460.5,454.6,460.2,418.6,480,2,E,B
160000420780,PR,20,F,1,,,,,,3,E,B
160000420781,SP,22,F,4,467.7,515.8,491.7,403.3,360,7,D,A
160000420782,PE,17,F,2,,,,,,5,B,B
160000420784,SP,35,M,3,381.1,506.1,534.1,522,560,4,F,B
160000420783,DF,21,M,3,464.4,606.3,572.7,449.3,420,3,D,B
160000420785,CE,23,F,4,,,,,,3,D,B
160000420786,RN,21,F,4,530.5,541.1,475.9,398.1,700,5,C,A
160000420787,GO,18,F,3,,,,,,5,E,B
160000420788,SP,19,M,1,664.2,663.3,649.6,770.9,800,5,E,B
160000420789,PR,17,F,1,,,,,,5,C,B
160000420790,MG,28,F,1,,,,,,2,E,B
160000420791,SP,19,M,3,524.8,648,588.1,682.6,580,3,G,A
160000420792,SP,20,M,3,541.5,553.1,503.9,636.2,540,5,I,B
160000420793,PA,27,F,3,564.4,591.3,590.7,632,740,5,E,A
160000420794,RJ,17,M,1,608.3,591.8,647.2,666,560,4,L,B
160000420795,RJ,27,M,1,,,,,,4,C,B
160000420796,PR,22,F,3,413.8,503.2,463.4,482.8,640,4,C,B
160000420797,CE,27,M,1,544.7,673.4,549.6,604.2,720,4,B,A
160000420798,RS,22,F,1,520.2,658.1,624.2,610.9,680,3,P,B
160000420799,MG,33,M,3,511.9,649.5,579.1,632.6,540,3,C,B
160000420800,SP,22,F,2,498.5,580.6,592.5,469.8,620,4,F,B
160000420801,MG,20,F,3,503.2,539,546.6,422.1,520,4,E,B
160000420802,BA,31,M,3,,,,,,5,D,B
160000420803,BA,31,F,3,452.1,561.2,465.6,464.6,520,3,D,B
160000420804,SP,20,M,3,438.9,542.2,638.1,531.7,780,4,D,B
160000424101,RS,20,F,1,,,,,,5,B,B
160008374687,SP,23,F,3,461.6,627.4,570.6,398.5,680,5,I,A
160000424102,MA,18,F,3,,,,,,3,K,B
160000424104,RJ,18,M,1,444.6,574.4,524.7,378.9,520,5,D,B
160000424103,SP,22,M,1,461.4,486.2,598.5,481.5,680,5,C,B
160000424105,BA,31,F,2,,,,,,8,D,B
160000424106,SC,23,F,1,380,581.3,568.8,364.5,480,3,D,B
160000424107,CE,19,M,3,,,,,,5,C,A
160000424108,SP,29,M,1,,,,,,4,D,B
160000424109,PR,18,F,1,497.1,619.5,563.7,597.1,580,4,D,B
160000424110,PR,32,M,1,,,,,,3,B,B
160000424111,MG,41,F,3,,,,,,4,D,B
160000424112,MA,33,F,3,395.5,459,481.4,386,420,3,C,A
160000424113,RS,19,F,1,,,,,,4,E,B
160000424114,ES,19,F,1,510,574.1,507.2,407.4,720,3,C,B
160000424115,RO,24,F,3,,,,,,7,C,A
160000424116,MA,38,M,3,,,,,,3,E,B
160000424117,PA,28,M,3,,,,,,4,B,A
160000424118,RJ,18,F,1,622.7,689.1,652,666.6,780,1,I,B
160000424119,RJ,28,F,2,,,,,,4,D,B
160000424120,SP,21,M,3,,,,,,3,G,B
160000424121,RJ,28,M,2,457.9,509.4,585.8,521.9,540,3,E,B
160000424122,MG,31,M,3,489.3,508.2,520.4,478.5,500,2,E,B
160000424123,PR,16,F,3,557.4,636.2,560.5,672.5,540,4,E,B
160000424124,SP,24,M,2,423.7,458.9,456.8,496.8,560,9,A,A
160000424125,MT,33,M,3,602,637.6,645.6,653,540,4,J,A
160000424126,MG,27,M,3,,,,,,9,C,A
160000424127,RN,25,M,1,497.3,611.2,586.6,619.8,520,2,F,B
160000424128,MG,22,F,2,552.7,589.9,556.2,571.3,740,2,B,A
160000424129,SP,19,F,3,559.7,574.1,557.2,568.6,720,5,H,A
160000424130,SP,22,F,1,494.1,591,555.2,551.5,600,3,D,A
160000424131,MT,51,M,1,433.6,622.3,,,,4,I,B
160000424132,BA,38,M,3,568.9,578.3,586.6,606.8,580,4,B,B
160000424133,MA,24,M,1,579.8,656.9,650.2,643.4,920,4,C,A
160000424134,GO,27,M,4,,,,,,2,H,B
160000424135,RJ,19,M,3,425.5,533.3,450.2,377.3,560,3,H,B
160000424136,RS,26,M,1,481.7,635.1,609.2,458.5,520,2,F,B
160000424137,ES,17,F,1,457.5,544.7,584,580.5,460,3,C,B
160000424138,GO,22,M,1,407.9,404.1,540.8,491.4,740,4,E,B
160000424139,MG,19,F,2,449,573.5,419.1,494.2,520,4,E,B
160000424140,SP,32,M,1,559.6,553.6,462.1,577.7,360,2,C,B
160000424141,GO,26,F,4,422.8,503.3,,,,4,D,B
160000424142,MG,35,F,3,404.7,507.4,490.8,424.1,560,2,B,A
160000424143,SP,41,F,2,454.3,592.4,541.7,589.7,640,3,D,A
160000424144,RN,30,M,3,450.4,607.9,568.8,589,520,6,F,A
160000424145,SP,19,M,3,439.2,413.1,523.6,562.1,480,7,D,B
160000424146,MG,19,F,3,498.2,573.7,565.5,405.6,560,4,B,A
160000424147,SC,18,M,1,715.2,734.6,692.5,828.7,720,4,P,B
160000424148,MG,29,M,1,,,,,,1,C,B
160000424149,SP,51,F,3,,,,,,5,D,B
160000424150,MG,34,M,1,,,,,,2,J,B
160000424151,MG,15,F,3,427.2,422.2,546,406.4,500,3,C,B
160000424152,SP,22,M,1,,,,,,3,D,B
160000424153,BA,19,M,3,587.3,610.5,573.1,613.7,860,4,G,B
160000424154,PB,19,M,3,727.2,695.2,666.5,797.9,980,3,J,B
160000424155,PB,18,F,3,480.2,533.2,564.7,459.2,560,2,B,B
160000427498,RS,23,F,1,451.6,455.9,545.9,556.7,380,5,C,A
160000427499,RN,28,M,1,632.9,779,684.3,690.2,940,3,C,B
160000427500,PR,17,F,1,544.5,595.7,602.1,583.8,780,6,H,B
160000427501,MG,22,F,3,,,,,,4,D,B
160000427502,BA,21,F,2,,,,,,3,B,B
160000427503,SP,18,F,1,563.2,564,623,676.8,760,4,E,B
160000427504,SP,18,F,1,555.2,601.9,601.8,493.3,740,2,E,B
160000427505,BA,18,F,3,373.5,388.1,467.8,439.1,560,4,C,B
160000427506,RS,19,F,1,440,604.5,557.9,478.6,600,3,G,B
160000427507,PE,26,F,3,413.5,388.1,390.1,440.8,540,4,D,B
160000427508,SP,20,M,1,,,,,,2,E,B
160000427509,CE,19,M,2,615.4,607.9,557.4,677.5,800,5,D,B
160000427510,RS,23,F,3,,,,,,2,C,B
160000427511,SP,17,F,1,622.2,600.1,645.2,595.4,920,4,H,B
160000427512,SP,24,F,3,548.6,528.1,568.6,473.1,620,5,C,A
160000427513,SP,21,F,3,465.4,597.5,578.6,477.1,680,5,E,B
160000427514,BA,31,M,3,569.8,611.4,623,651.8,620,2,F,A
160000427515,SP,24,F,1,431.3,618.3,592,643.7,700,4,H,B
160000427516,GO,18,F,1,,,,,,2,J,B
160000427517,CE,39,M,3,,,,,,4,B,A
160000427518,SP,19,M,1,601.7,594.9,593.5,743.6,740,3,H,B
160000427519,SP,32,M,1,526.2,513.5,528.7,416.6,620,2,A,B
160000427520,RS,18,F,1,516.4,545.1,586.6,591.9,700,2,E,B
160000427521,CE,18,M,3,523.3,490.6,532.1,385.3,640,5,B,A
160000427522,BA,23,M,3,442.6,568,556.7,336.4,780,5,C,A
160000427523,RJ,30,M,3,,,,,,7,E,A
160000427524,SP,21,F,1,644.1,636.2,658.3,748.5,560,3,I,B
160000427525,MG,21,F,3,471,437.2,469.4,457.9,400,6,C,B
160000427526,BA,24,F,3,,,,,,3,G,B
160000427527,MA,18,F,2,432.8,477.9,514,440.1,560,5,B,A
160000427528,SP,19,F,1,483.8,429.9,427.9,393,460,5,C,B
160000427529,AM,28,M,3,415.4,489.6,400,463,380,2,B,A
160000427530,AL,18,M,1,645.2,639.3,584.2,748,760,4,O,B
160000427531,RS,25,M,1,641.4,739.5,702.6,771.1,860,4,Q,B
160000427532,MG,20,F,3,534.1,588.1,578.7,636.1,760,5,I,B
160000427533,PE,18,F,3,565.4,577.8,547.2,477.2,860,4,C,B
160000427534,CE,22,M,3,460,555.5,576.3,450.5,580,8,C,B
160000427535,SP,20,M,3,,,,,,4,D,B
160000427536,RS,18,F,1,471.9,617.5,535.4,610.4,760,5,L,B
160000427537,MG,21,M,1,523.6,487.7,449.6,583.8,720,6,G,B
160000427538,AL,21,M,3,585.3,612.2,609.1,724.9,560,3,C,B
160000427539,CE,23,M,3,,,,,,3,C,B
160000427540,PR,19,M,1,623.9,657,677.2,697.4,600,6,H,B
160000427541,SC,34,M,2,,,,,,5,E,B
160000427542,MS,18,F,1,495.7,590.3,589.3,495.6,720,3,B,A
160000427543,RN,23,M,3,519.3,529.9,457.5,483,480,3,B,B
160000427544,DF,22,F,3,419.9,522.5,526.1,441.1,480,4,C,A
160000427545,SP,24,F,3,402.8,468.4,411.9,347.8,560,3,C,B
160000427546,MT,19,F,3,458.8,493.6,558.3,393.2,520,4,H,A
160000427547,TO,20,M,1,561.9,565.1,550.8,601.4,480,3,K,B
160000427548,MG,25,F,1,632.8,686.5,633.3,740.2,880,4,M,B
160000427549,SP,22,M,1,531.6,570.4,0,0,540,4,E,B
160000427550,SP,25,M,1,558.7,643.8,640.2,624.5,680,4,F,B
160000427551,SC,23,M,1,518.8,634.5,502.1,495.9,500,4,D,A
160000427552,PA,29,F,1,,,,,,4,C,B
160000430883,SP,17,F,3,489.7,577.4,558.5,613.6,620,3,E,B
160000430884,BA,22,M,3,,,,,,4,C,B
160000430885,RS,25,F,2,441.1,520.9,551.5,499.3,560,3,D,B
160000430886,PE,19,M,2,488,631.4,556.8,568,340,5,C,B
160000430888,CE,18,M,3,564.8,594.9,464.7,610.1,560,5,C,B
160000430887,BA,20,F,2,410.2,482.9,511.1,377.1,680,4,C,B
160000430889,RJ,31,M,3,561.1,624.8,590.5,487.8,840,2,B,B
160000430890,DF,21,F,3,408.7,482.1,457.5,374.7,560,4,B,A
160000430891,SE,17,M,3,492.6,545.6,499.6,563.7,840,3,C,B
160000430892,ES,19,F,1,410,520.4,569.7,405.6,540,3,C,B
160000430893,PA,34,M,1,474.6,576.3,519.3,455.1,340,1,C,A
160000430894,MT,42,M,1,501.7,656.9,604.5,338.3,540,3,G,B
160000430895,BA,27,M,2,,,,,,2,D,B
160000430896,ES,27,F,3,,,,,,3,C,B
160000430897,MA,28,M,1,,,,,,4,E,B
160000430898,SP,21,F,3,,,,,,1,C,B
160000430899,RN,20,F,1,437.1,572.2,576.4,418.4,660,7,B,A
160000430900,BA,32,F,2,550.4,574.1,576.6,483.1,540,5,B,A
160000430901,SP,18,M,3,482.4,604.5,521.7,461.7,600,4,D,B
160000430902,BA,25,F,3,,,,,,4,E,A
160000430903,ES,21,M,3,451,577.2,541.7,430.2,440,4,C,A
160000430904,MG,19,F,1,539.2,577.9,552.5,397.2,700,4,C,B
160000430905,PB,22,F,1,,,,,,2,C,A
160000430906,RS,18,M,6,403.7,535.7,498.9,505.8,560,5,C,B
